shape,chunks,interaction,median_s,q25_s,q75_s,bytes,n
whole-gene,200000x8,gene column,0.0123,0.0121,0.0124,800000,15
whole-gene,200000x8,cell row,0.1245,0.1235,0.1253,8000,15
aspect rule,8192x64,gene column,0.0152,0.015,0.0153,800000,15
aspect rule,8192x64,cell row,0.0111,0.0109,0.0115,8000,15
anndata default,6250x125,gene column,0.0196,0.0192,0.0199,800000,15
anndata default,6250x125,cell row,0.0085,0.0083,0.0087,8000,15
square,1024x1024,gene column,0.0753,0.0748,0.0762,800000,15
square,1024x1024,cell row,0.0048,0.0048,0.0049,8000,15
whole-cell,256x2000,gene column,0.1702,0.1695,0.1724,800000,15
whole-cell,256x2000,cell row,0.0034,0.0034,0.0035,8000,15
